Link,Image,Name,Tags
https://virginiacancerspecialists.com/,virginiacancerspecialists-com.png,Virginia Cancer Specialists,WordPress
https://alliancerm.org/,alliancerm-org.png,Alliance for Regenerative Medicine,WordPress
https://www.transplantanesthesia.org/,transplantanesthesia.org.png,Society for the Advancement of Transplant Anesthesia,WordPress
https://effectivestates.org/,isedevelop.wpengine.com.png,The Institute for State Effectiveness,WordPress
https://restoresight.org/,restoresight.org.png,Eye Bank Association of America,WordPress
https://synetictheater.org/,synetictheater.org.png,Synetic Theater,WordPress
https://marylandeyeassociates.com/,marylandeyeassociates.com.png,Maryland Eye Associates,WordPress
https://berardaitwebsite.com/,baitisprod-wpengine-com.png,Berard AIT,WordPress
https://nasaa-arts.org/,nasaa-arts-org.png,National Assembly of State Arts Agencies,WordPress
https://experiencecascades.com/,experiencecascades.com.png,Cascades Overlook,WordPress
https://effectivestates.org/,effectivestates-org.png,Institute for State Effectiveness,WordPress
http://americanimc.org/,americanimc.org.png,American Innovation & Modernization Council,WordPress
https://www.methanol.org/,methanol.org.png,Methanol Institute,WordPress
https://gristrealestate.com/,gristrealestate.com.png,Grist - Real Estate Associates,WordPress
https://k-9divine.com/,k-9divine.com.png,K9 Divine,WordPress